{"UUID":"i5tGkYFbIPTdUHl6iAUDjZ","layoutMainAxisSizing":null,"layoutCrossAxisSizing":null,"name":"Untitled","isVisible":true,"boundaryRectangle":null,"style":null,"prototypeNodeUUID":null,"child":null,"constraints":null,"debug":false,"pngPath":"/usr/src/app/temp-out/pb-tmp-64301bc8-585c-4088-b29a-143a208d552b/infineit/lib/assets/images","pages":[{"UUID":"0:1","layoutMainAxisSizing":null,"layoutCrossAxisSizing":null,"name":"Page 1","isVisible":true,"boundaryRectangle":null,"style":null,"prototypeNodeUUID":null,"child":null,"constraints":null,"convert":true,"screens":[],"pbdlType":"page"}],"miscPages":[],"sharedStyles":[],"globalStyles":{"UUID":"","layoutMainAxisSizing":null,"layoutCrossAxisSizing":null,"name":"","isVisible":false,"boundaryRectangle":null,"style":null,"prototypeNodeUUID":null,"child":null,"constraints":null,"pbdlType":"global_styles","designSystem":"material2","colors":[{"UUID":"0:4","layoutMainAxisSizing":null,"layoutCrossAxisSizing":null,"name":"Green","isVisible":false,"boundaryRectangle":null,"style":null,"prototypeNodeUUID":null,"child":null,"constraints":null,"description":"","pbdlType":"global_color","color":{"a":1.0,"r":0.017343759536743164,"g":0.4625000059604645,"b":0.3040545582771301}},{"UUID":"0:5","layoutMainAxisSizing":null,"layoutCrossAxisSizing":null,"name":"Black","isVisible":false,"boundaryRectangle":null,"style":null,"prototypeNodeUUID":null,"child":null,"constraints":null,"description":"","pbdlType":"global_color","color":{"a":1.0,"r":0.0,"g":0.0,"b":0.0}},{"UUID":"0:3","layoutMainAxisSizing":null,"layoutCrossAxisSizing":null,"name":"White","isVisible":false,"boundaryRectangle":null,"style":null,"prototypeNodeUUID":null,"child":null,"constraints":null,"description":"","pbdlType":"global_color","color":{"a":1.0,"r":1.0,"g":1.0,"b":1.0}},{"UUID":"0:7","layoutMainAxisSizing":null,"layoutCrossAxisSizing":null,"name":"Dark","isVisible":false,"boundaryRectangle":null,"style":null,"prototypeNodeUUID":null,"child":null,"constraints":null,"description":"","pbdlType":"global_color","color":{"a":1.0,"r":0.21666666865348816,"g":0.21666666865348816,"b":0.21666666865348816}},{"UUID":"0:10","layoutMainAxisSizing":null,"layoutCrossAxisSizing":null,"name":"Dark Gray","isVisible":false,"boundaryRectangle":null,"style":null,"prototypeNodeUUID":null,"child":null,"constraints":null,"description":"","pbdlType":"global_color","color":{"a":1.0,"r":0.3499999940395355,"g":0.3499999940395355,"b":0.3499999940395355}},{"UUID":"0:12","layoutMainAxisSizing":null,"layoutCrossAxisSizing":null,"name":"Gray","isVisible":false,"boundaryRectangle":null,"style":null,"prototypeNodeUUID":null,"child":null,"constraints":null,"description":"","pbdlType":"global_color","color":{"a":1.0,"r":0.7958333492279053,"g":0.7958333492279053,"b":0.7958333492279053}}],"textStyles":[{"UUID":"0:6","layoutMainAxisSizing":null,"layoutCrossAxisSizing":null,"name":"SF / Subheadline - Semibold","isVisible":false,"boundaryRectangle":null,"style":null,"prototypeNodeUUID":null,"child":null,"constraints":null,"description":"","pbdlType":"global_text_style","textStyle":{"UUID":"","layoutMainAxisSizing":null,"layoutCrossAxisSizing":null,"name":"","isVisible":false,"boundaryRectangle":null,"style":null,"prototypeNodeUUID":"","child":null,"constraints":null,"fontFamily":"SF Pro Text","fontPostScriptName":"SFProText-Semibold","paragraphSpacing":0,"paragraphIndent":0,"listSpacing":0,"italics":null,"fontWeight":600,"fontSize":15.0,"textCase":"ORIGINAL","textDecoration":"NONE","textAutoResize":"WIDTH_AND_HEIGHT","textAlignHorizontal":"LEFT","textAlignVertical":"TOP","letterSpacing":-0.23999999463558197,"fills":null,"hyperLink":null,"opentypeFlags":{},"lineHeightPx":20.0,"lineHeightPercent":111.72940826416016,"lineHeightPercentFontSize":133.3333282470703,"lineHeightUnit":"PIXELS","pbdlType":"text_style"}},{"UUID":"0:8","layoutMainAxisSizing":null,"layoutCrossAxisSizing":null,"name":"Button Text","isVisible":false,"boundaryRectangle":null,"style":null,"prototypeNodeUUID":null,"child":null,"constraints":null,"description":"","pbdlType":"global_text_style","textStyle":{"UUID":"","layoutMainAxisSizing":null,"layoutCrossAxisSizing":null,"name":"","isVisible":false,"boundaryRectangle":null,"style":null,"prototypeNodeUUID":"","child":null,"constraints":null,"fontFamily":"Poppins","fontPostScriptName":"Poppins-SemiBold","paragraphSpacing":0,"paragraphIndent":0,"listSpacing":0,"italics":null,"fontWeight":600,"fontSize":16.0,"textCase":"UPPER","textDecoration":"NONE","textAutoResize":"WIDTH_AND_HEIGHT","textAlignHorizontal":"LEFT","textAlignVertical":"TOP","letterSpacing":0.0,"fills":null,"hyperLink":null,"opentypeFlags":{},"lineHeightPx":24.0,"lineHeightPercent":100.0,"lineHeightPercentFontSize":null,"lineHeightUnit":"INTRINSIC_%","pbdlType":"text_style"}},{"UUID":"0:9","layoutMainAxisSizing":null,"layoutCrossAxisSizing":null,"name":"Body","isVisible":false,"boundaryRectangle":null,"style":null,"prototypeNodeUUID":null,"child":null,"constraints":null,"description":"","pbdlType":"global_text_style","textStyle":{"UUID":"","layoutMainAxisSizing":null,"layoutCrossAxisSizing":null,"name":"","isVisible":false,"boundaryRectangle":null,"style":null,"prototypeNodeUUID":"","child":null,"constraints":null,"fontFamily":"Poppins","fontPostScriptName":"Poppins-Regular","paragraphSpacing":0,"paragraphIndent":0,"listSpacing":0,"italics":null,"fontWeight":400,"fontSize":14.0,"textCase":"ORIGINAL","textDecoration":"NONE","textAutoResize":"WIDTH_AND_HEIGHT","textAlignHorizontal":"LEFT","textAlignVertical":"TOP","letterSpacing":0.5,"fills":null,"hyperLink":null,"opentypeFlags":{},"lineHeightPx":22.0,"lineHeightPercent":104.76190948486328,"lineHeightPercentFontSize":157.14285278320312,"lineHeightUnit":"PIXELS","pbdlType":"text_style"}},{"UUID":"0:11","layoutMainAxisSizing":null,"layoutCrossAxisSizing":null,"name":"H1","isVisible":false,"boundaryRectangle":null,"style":null,"prototypeNodeUUID":null,"child":null,"constraints":null,"description":"","pbdlType":"global_text_style","textStyle":{"UUID":"","layoutMainAxisSizing":null,"layoutCrossAxisSizing":null,"name":"","isVisible":false,"boundaryRectangle":null,"style":null,"prototypeNodeUUID":"","child":null,"constraints":null,"fontFamily":"Poppins","fontPostScriptName":"Poppins-SemiBold","paragraphSpacing":6.0,"paragraphIndent":0,"listSpacing":0,"italics":null,"fontWeight":600,"fontSize":24.0,"textCase":"ORIGINAL","textDecoration":"NONE","textAutoResize":"WIDTH_AND_HEIGHT","textAlignHorizontal":"LEFT","textAlignVertical":"TOP","letterSpacing":0.0,"fills":null,"hyperLink":null,"opentypeFlags":{},"lineHeightPx":30.0,"lineHeightPercent":83.33332824707031,"lineHeightPercentFontSize":125.0,"lineHeightUnit":"PIXELS","pbdlType":"text_style"}}],"themeColors":[],"themeTextStyles":[]},"pbdlType":"project"}